{"cameraMode":{"drawMode":0,"name":"Shaded","section":"Shading Mode"},"sceneLighting":false,"audioPlay":false,"sceneViewState":{"m_AlwaysRefresh":false,"showFog":true,"showSkybox":false,"showFlares":true,"showImageEffects":true,"showParticleSystems":true,"showVisualEffectGraphs":true,"m_FxEnabled":true},"in2DMode":false,"pivot":{"x":-0.4268379807472229,"y":0.20481926202774049,"z":0.24617250263690949},"rotation":{"x":0.03629658371210098,"y":-0.9621134400367737,"z":0.16050763428211213,"w":0.2174600511789322},"size":0.47301435470581057,"orthographic":false}