{"cameraMode":{"drawMode":0,"name":"Shaded","section":"Shading Mode"},"sceneLighting":false,"audioPlay":false,"sceneViewState":{"m_AlwaysRefresh":false,"showFog":true,"showSkybox":false,"showFlares":true,"showImageEffects":true,"showParticleSystems":true,"showVisualEffectGraphs":true,"m_FxEnabled":true},"in2DMode":false,"pivot":{"x":0.6649377346038818,"y":1.4370579719543458,"z":-0.2668071985244751},"rotation":{"x":0.03177885338664055,"y":0.9674612879753113,"z":-0.1959223598241806,"w":0.15692362189292909},"size":0.9678840041160584,"orthographic":false}