{"cameraMode":{"drawMode":0,"name":"Shaded","section":"Shading Mode"},"sceneLighting":false,"audioPlay":false,"sceneViewState":{"m_AlwaysRefresh":false,"showFog":true,"showSkybox":false,"showFlares":true,"showImageEffects":true,"showParticleSystems":true,"showVisualEffectGraphs":true,"m_FxEnabled":true},"in2DMode":false,"pivot":{"x":0.016637444496154786,"y":0.5232706069946289,"z":0.08062008023262024},"rotation":{"x":0.04967493191361427,"y":0.06735995411872864,"z":-0.0033797419164329769,"w":0.9965038299560547},"size":0.7493734955787659,"orthographic":false}