{"cameraMode":{"drawMode":0,"name":"Shaded","section":"Shading Mode"},"sceneLighting":false,"audioPlay":false,"sceneViewState":{"m_AlwaysRefresh":false,"showFog":true,"showSkybox":true,"showFlares":true,"showImageEffects":true,"showParticleSystems":true,"showVisualEffectGraphs":true,"m_FxEnabled":true},"in2DMode":false,"pivot":{"x":0.4736071527004242,"y":0.48134884238243105,"z":-0.03819918632507324},"rotation":{"x":0.00099219533149153,"y":0.9942628145217896,"z":-0.009256266057491303,"w":0.10659383237361908},"size":0.8307470679283142,"orthographic":false}