{"cameraMode":{"drawMode":0,"name":"Shaded","section":"Shading Mode"},"sceneLighting":false,"audioPlay":false,"sceneViewState":{"m_AlwaysRefresh":false,"showFog":true,"showSkybox":false,"showFlares":true,"showImageEffects":true,"showParticleSystems":true,"showVisualEffectGraphs":true,"m_FxEnabled":true},"in2DMode":false,"pivot":{"x":0.08062011003494263,"y":0.5232706069946289,"z":-0.016637444496154786},"rotation":{"x":0.023278526961803438,"y":-0.9208327531814575,"z":0.3853215277194977,"w":0.055577341467142108},"size":0.7493735551834106,"orthographic":false}