{"cameraMode":{"drawMode":0,"name":"Shaded","section":"Shading Mode"},"sceneLighting":false,"audioPlay":false,"sceneViewState":{"m_AlwaysRefresh":false,"showFog":true,"showSkybox":false,"showFlares":true,"showImageEffects":true,"showParticleSystems":true,"showVisualEffectGraphs":true,"m_FxEnabled":true},"in2DMode":false,"pivot":{"x":0.01438075304031372,"y":0.7304635047912598,"z":-0.10736346244812012},"rotation":{"x":0.3168647885322571,"y":-0.19030627608299256,"z":0.06505683809518814,"w":0.926903247833252},"size":1.0591007471084595,"orthographic":false}