{"cameraMode":{"drawMode":0,"name":"Shaded","section":"Shading Mode"},"sceneLighting":false,"audioPlay":false,"sceneViewState":{"m_AlwaysRefresh":false,"showFog":true,"showSkybox":false,"showFlares":true,"showImageEffects":true,"showParticleSystems":true,"showVisualEffectGraphs":true,"m_FxEnabled":true},"in2DMode":false,"pivot":{"x":0.24247151613235475,"y":0.1469792127609253,"z":0.28046154975891116},"rotation":{"x":0.16235896944999696,"y":-0.8367223143577576,"z":0.3477575182914734,"w":0.39064309000968935},"size":0.7951937913894653,"orthographic":false}