{"cameraMode":{"drawMode":0,"name":"Shaded","section":"Shading Mode"},"sceneLighting":false,"audioPlay":false,"sceneViewState":{"m_AlwaysRefresh":false,"showFog":true,"showSkybox":false,"showFlares":true,"showImageEffects":true,"showParticleSystems":true,"showVisualEffectGraphs":true,"m_FxEnabled":true},"in2DMode":false,"pivot":{"x":0.5366866588592529,"y":0.33300670981407168,"z":0.015106678009033203},"rotation":{"x":0.027231810614466668,"y":0.9724948406219482,"z":-0.15145748853683473,"w":0.1748533993959427},"size":0.7441714406013489,"orthographic":false}