{"cameraMode":{"drawMode":0,"name":"Shaded","section":"Shading Mode"},"sceneLighting":false,"audioPlay":false,"sceneViewState":{"m_AlwaysRefresh":false,"showFog":true,"showSkybox":false,"showFlares":true,"showImageEffects":true,"showParticleSystems":true,"showVisualEffectGraphs":true,"m_FxEnabled":true},"in2DMode":false,"pivot":{"x":0.3806402087211609,"y":1.0546693801879883,"z":-1.0528099536895753},"rotation":{"x":-0.0037610263098031284,"y":0.9956441521644592,"z":0.046330854296684268,"w":0.08082401007413864},"size":1.4726548194885255,"orthographic":false}