{"cameraMode":{"drawMode":0,"name":"Shaded","section":"Shading Mode"},"sceneLighting":false,"audioPlay":false,"sceneViewState":{"m_AlwaysRefresh":false,"showFog":true,"showSkybox":false,"showFlares":true,"showImageEffects":true,"showParticleSystems":true,"showVisualEffectGraphs":true,"m_FxEnabled":true},"in2DMode":false,"pivot":{"x":0.042186439037323,"y":0.8397806882858276,"z":-0.21444916725158692},"rotation":{"x":0.023278526961803438,"y":-0.9208327531814575,"z":0.3853215277194977,"w":0.055577341467142108},"size":2.316951274871826,"orthographic":false}