{"cameraMode":{"drawMode":0,"name":"Shaded","section":"Shading Mode"},"sceneLighting":false,"audioPlay":false,"sceneViewState":{"m_AlwaysRefresh":false,"showFog":true,"showSkybox":false,"showFlares":true,"showImageEffects":true,"showParticleSystems":true,"showVisualEffectGraphs":true,"m_FxEnabled":true},"in2DMode":false,"pivot":{"x":-0.07802259176969528,"y":-0.05510127544403076,"z":-0.004563182592391968},"rotation":{"x":0.6730527877807617,"y":0.0022325406316667797,"z":-0.0020004352554678919,"w":0.739624559879303},"size":0.6931700706481934,"orthographic":false}