{"cameraMode":{"drawMode":0,"name":"Shaded","section":"Shading Mode"},"sceneLighting":false,"audioPlay":false,"sceneViewState":{"m_AlwaysRefresh":false,"showFog":true,"showSkybox":false,"showFlares":true,"showImageEffects":true,"showParticleSystems":true,"showVisualEffectGraphs":true,"m_FxEnabled":true},"in2DMode":false,"pivot":{"x":-24.685348510742189,"y":8.016016960144043,"z":0.24181199073791505},"rotation":{"x":0.04482000321149826,"y":0.7822034358978272,"z":-0.6188255548477173,"w":0.05665303394198418},"size":6.127459526062012,"orthographic":true}