{"cameraMode":{"drawMode":0,"name":"Shaded","section":"Shading Mode"},"sceneLighting":false,"audioPlay":false,"sceneViewState":{"m_AlwaysRefresh":false,"showFog":true,"showSkybox":false,"showFlares":true,"showImageEffects":true,"showParticleSystems":true,"showVisualEffectGraphs":true,"m_FxEnabled":true},"in2DMode":false,"pivot":{"x":0.16946810483932496,"y":0.7753212451934815,"z":0.06205856800079346},"rotation":{"x":0.08830934762954712,"y":-0.9061247706413269,"z":0.34044501185417178,"w":0.2350391149520874},"size":0.7951937913894653,"orthographic":false}