{"cameraMode":{"drawMode":0,"name":"Shaded","section":"Shading Mode"},"sceneLighting":false,"audioPlay":false,"sceneViewState":{"m_AlwaysRefresh":false,"showFog":true,"showSkybox":false,"showFlares":true,"showImageEffects":true,"showParticleSystems":true,"showVisualEffectGraphs":true,"m_FxEnabled":true},"in2DMode":false,"pivot":{"x":0.5997485518455505,"y":0.6198320388793945,"z":-0.045348793268203738},"rotation":{"x":0.0005570526118390262,"y":0.9988998174667358,"z":-0.04529063031077385,"w":0.012288267724215985},"size":0.8764439225196838,"orthographic":false}