{"cameraMode":{"drawMode":0,"name":"Shaded","section":"Shading Mode"},"sceneLighting":false,"audioPlay":false,"sceneViewState":{"m_AlwaysRefresh":false,"showFog":true,"showSkybox":false,"showFlares":true,"showImageEffects":true,"showParticleSystems":true,"showVisualEffectGraphs":true,"m_FxEnabled":true},"in2DMode":false,"pivot":{"x":-18.200674057006837,"y":7.204029083251953,"z":22.645069122314454},"rotation":{"x":0.04482000321149826,"y":0.7822034358978272,"z":-0.6188255548477173,"w":0.05665303394198418},"size":3.9177608489990236,"orthographic":true}